num,square,cube,theta,sin(theta)
424,179776,76225024,2.6640705702441445,0.459579860621488
939,881721,827936019,5.899911003441632,-0.37395920573779995
467,218089,101847563,2.934247538452867,0.2058626087698814
582,338724,197137368,3.6568138487785196,-0.4927273415482918
264,69696,18399744,1.6587609210954108,0.9961336091431725
134,17956,2406104,0.8419468311620646,0.7459411454241821
718,515524,370146232,4.511327050554943,-0.9798550523842469
944,891136,841232384,5.93132692997753,-0.3446429231745167
600,360000,216000000,3.769911184307752,-0.5877852522924734
129,16641,2146689,0.8105309046261667,0.7246531301870467
645,416025,268336125,4.052654523130833,-0.7901550123756904
45,2025,91125,0.2827433388230814,0.2789911060392293
529,279841,148035889,3.3238050274980013,-0.18120576362713745
745,555025,413493625,4.680973053848792,-0.9995065603657316
881,776161,683797841,5.535486255625216,-0.6799533787224191
720,518400,373248000,4.523893421169302,-0.9822872507286887
207,42849,8869743,1.3006193585861745,0.9637236782900097
149,22201,3307949,0.9361946107697584,0.805307885711122
555,308025,170953875,3.4871678454846706,-0.3387379202452915
578,334084,193100552,3.631681107549801,-0.4707039321653326
144,20736,2985984,0.9047786842338604,0.7862884321366189
521,271441,141420761,3.2735395450405647,-0.13156435909228262
9,81,729,0.05654866776461628,0.05651853448202453
566,320356,181321496,3.556282883863646,-0.4029064357136629
318,101124,32157432,1.9980529276831085,0.9101059706849957
847,717409,607645423,5.32185795518111,-0.8199521093254523
881,776161,683797841,5.535486255625216,-0.6799533787224191
729,531441,387420489,4.580442088933919,-0.9913076310695066
303,91809,27818127,1.9038051480754148,0.9450630751798048
963,927369,893056347,6.050707450813942,-0.23038942667659057
765,585225,447697125,4.806636759992384,-0.99556196460308
224,50176,11239424,1.4074335088082275,0.986685944207868
502,252004,126506008,3.1541590242041524,-0.012566039883352592
747,558009,416832723,4.693539424463151,-0.999822352380809
701,491401,344472101,4.4045129003328904,-0.952979341517219
16,256,4096,0.10053096491487339,0.1003617148512149
32,1024,32768,0.20106192982974677,0.19970998051440703
1000,1000000,1000000000,6.283185307179586,-2.4492935982947064E-16
538,289444,155720872,3.3803536952626176,-0.2364989970237248
883,779689,688465387,5.548052626239575,-0.6706855765367199
819,670761,549353259,5.145928766580082,-0.9074844245411168
971,942841,915498611,6.100972933271379,-0.18120576362713692
853,727609,620650477,5.359557067024188,-0.7977944395385708
578,334084,193100552,3.631681107549801,-0.4707039321653326
756,571536,432081216,4.7500880922277675,-0.9992894726405892
248,61504,15252992,1.5582299561805375,0.9999210442038161
505,255025,128787625,3.1730085801256913,-0.03141075907812844
820,672400,551368000,5.152211951887261,-0.9048270524660196
88,7744,681472,0.5529203070318036,0.5251746299612957
100,10000,1000000,0.6283185307179586,0.5877852522924731
665,442225,294079625,4.178318229274425,-0.8607420270039438
427,182329,77854483,2.6829201261656834,0.44275823103890155
716,512656,367061696,4.498760679940584,-0.9772681235681934
773,597529,461889917,4.85690224244982,-0.989576118602651
464,215296,99897344,2.9153979825313283,0.224270760949381
142,20164,2863288,0.8922123136195013,0.7784623015670235
493,243049,119823157,3.097610356439536,0.04396811831786496
752,565504,425259008,4.724955350999049,-0.9999210442038161
64,4096,262144,0.40212385965949354,0.3913736668372024
781,609961,476379541,4.907167724907257,-0.9810905174433341
598,357604,213847192,3.757344813693393,-0.5775727034222677
452,204304,92345408,2.839999758845173,0.2970415815770349
956,913936,873722816,6.006725153663685,-0.27295193551732516
287,82369,23639903,1.8032741831605414,0.9730985109821265
875,765625,669921875,5.497787143782138,-0.7071067811865477
657,431649,283593393,4.128052746816988,-0.834078433613171
848,719104,609800192,5.328141140488289,-0.8163392507171842
60,3600,216000,0.3769911184307752,0.368124552684678
614,376996,231475544,3.8578757786082662,-0.6565857557529565
404,163216,65939264,2.538406864100553,0.5672689491267564
879,772641,679151439,5.5229198850108565,-0.6891138083873485
606,367236,222545016,3.8076102961508296,-0.6178596130903344
58,3364,195112,0.36442474781641604,0.35641187871325075
355,126025,44738875,2.2305307840487534,0.7901550123756903
946,894916,846590536,5.943893300591889,-0.33281954452298623
503,253009,127263527,3.160442209511332,-0.018848439715408213
302,91204,27543608,1.8975219627682351,0.9470983049947442
924,853776,788889024,5.805663223833938,-0.4595798606214877
815,664225,541343375,5.120796025351363,-0.917754625683981
676,456976,308915776,4.247433267653401,-0.8938414241512639
778,605284,470910952,4.888318168985719,-0.9845643345292053
1000,1000000,1000000000,6.283185307179586,-2.4492935982947064E-16
17,289,4913,0.10681415022205297,0.10661115427525991
473,223729,105823817,2.9719466502959446,0.16883344471273365
154,23716,3652264,0.9676105373056564,0.8235325976284275
891,793881,707347971,5.598318108697011,-0.6325701619131247
245,60025,14706125,1.5393804002589988,0.9995065603657316
608,369664,224755712,3.820176666765189,-0.6276913612907007
729,531441,387420489,4.580442088933919,-0.9913076310695066
413,170569,70444997,2.5949555318651694,0.5198173426207093
290,84100,24389000,1.8221237390820801,0.9685831611286311
292,85264,24897088,1.8346901096964392,0.9653816388332739
505,255025,128787625,3.1730085801256913,-0.03141075907812844
675,455625,307546875,4.241150082346221,-0.8910065241883678
847,717409,607645423,5.32185795518111,-0.8199521093254523
330,108900,35937000,2.0734511513692637,0.8763066800438635
615,378225,232608375,3.864158963915446,-0.661311865323652
350,122500,42875000,2.199114857512855,0.8090169943749475
285,81225,23149125,1.7907078125461822,0.9759167619387474
71,5041,357911,0.44610615680975063,0.43145604568095897
647,418609,270840023,4.065220893745193,-0.7977944395385711
159,25281,4019679,0.9990264638415542,0.840944582298169
945,893025,843908625,5.937610115284709,-0.3387379202452914
230,52900,12167000,1.4451326206513049,0.9921147013144779
199,39601,7880599,1.2503538761287378,0.9490961449902946
859,737881,633839779,5.397256178867265,-0.7745030601987339
690,476100,328509000,4.335397861953915,-0.9297764858882515
527,277729,146363183,3.311238656883642,-0.16883344471273384
769,591361,454756609,4.831769501221102,-0.9928826045698136
21,441,9261,0.13194689145077132,0.1315643590922825
359,128881,46268279,2.2556635252774715,0.7745030601987338
142,20164,2863288,0.8922123136195013,0.7784623015670235
210,44100,9261000,1.3194689145077132,0.9685831611286311
608,369664,224755712,3.820176666765189,-0.6276913612907007
842,708964,596947688,5.290442028645212,-0.8375280400421415
872,760384,663054848,5.4789375878605995,-0.7203090248879068
491,241081,118370771,3.0850439858251772,0.056518534482024235
564,318096,179406144,3.543716513249287,-0.3913736668372026
395,156025,61629875,2.4818581963359367,0.6129070536529764
240,57600,13824000,1.5079644737231008,0.9980267284282716
394,155236,61162984,2.475575011028757,0.6178596130903343
138,19044,2628072,0.8670795723907829,0.7624425110114479
910,828100,753571000,5.717698629533424,-0.5358267949789963
977,954529,932574833,6.138672045114456,-0.1440107825522523
957,915849,876467493,6.013008338970864,-0.26690198932037584
921,848241,781229961,5.7868136679124,-0.47623820366793873
411,168921,69426531,2.58238916125081,0.530511184306734
812,659344,535387328,5.101946469429825,-0.9250772068344579
974,948676,924010424,6.119822489192917,-0.16263716519488344
156,24336,3796416,0.9801769079200155,0.8305958991958127
397,157609,62570773,2.494424566950296,0.6029295416890246
316,99856,31554496,1.9854865570687494,0.9152411726209175
181,32761,5929741,1.1372565405995052,0.907484424541117
469,219961,103161709,2.946813909067226,0.19354946805086026
283,80089,22665187,1.778141441931823,0.9785809043254721
800,640000,512000000,5.026548245743669,-0.9510565162951536
503,253009,127263527,3.160442209511332,-0.018848439715408213
417,173889,72511713,2.6200882730938875,0.4981851053394909
438,191844,84027672,2.752035164544659,0.379779095521801
319,101761,32461759,2.004336112990288,0.9074844245411169
152,23104,3511808,0.9550441666912972,0.816339250717184
422,178084,75151448,2.6515041996297857,0.4707039321653324
59,3481,205379,0.3707079331235956,0.3622753667045457
133,17689,2352637,0.8356636458548851,0.7417417727387392
335,112225,37595375,2.1048670779051615,0.8607420270039436
81,6561,531441,0.5089380098815465,0.4872501257253323
358,128164,45882712,2.249380339970292,0.7784623015670235
551,303601,167284151,3.462035104255952,-0.3149865196553047
338,114244,38614472,2.1237166338267004,0.8509944817946917
323,104329,33698267,2.0294688542190067,0.8966410367852358
582,338724,197137368,3.6568138487785196,-0.4927273415482918
206,42436,8741816,1.2943361732789949,0.9620276715860859
447,199809,89314623,2.8085838323092753,0.3268880296549423
193,37249,7189057,1.2126547642856602,0.9365498867481924
671,450241,302111711,4.216017341117503,-0.8793163101905564
576,331776,191102976,3.6191147369354417,-0.45957986062148776
157,24649,3869893,0.9864600932271951,0.8340784336131711
918,842724,773620632,5.76796411199086,-0.4927273415482917
411,168921,69426531,2.58238916125081,0.530511184306734
724,524176,379503424,4.549026162398021,-0.9866859442078681
380,144400,54872000,2.387610416728243,0.6845471059286885
138,19044,2628072,0.8670795723907829,0.7624425110114479
899,808201,726572699,5.648583591154448,-0.5928568201610591
242,58564,14172488,1.5205308443374599,0.9987369566060175
373,139129,51895117,2.343628119577986,0.715936483021831
975,950625,926859375,6.126105674500097,-0.15643446504023112
239,57121,13651919,1.5016812884159212,0.9976125063612252
90,8100,729000,0.5654866776461628,0.5358267949789967
393,154449,60698457,2.4692918257215775,0.6227877804881126
8,64,512,0.05026548245743669,0.050244318179769556
132,17424,2299968,0.8293804605477054,0.7375131173581739
407,165649,67419143,2.557256420022092,0.55164587062843
425,180625,76765625,2.670353755551324,0.45399049973954686
329,108241,35611289,2.067167966062084,0.8793163101905562
914,835396,763551944,5.742831370762143,-0.514439533781506
819,670761,549353259,5.145928766580082,-0.9074844245411168
436,190096,82881856,2.7394687939302997,0.39137366683720237
250,62500,15625000,1.5707963267948966,1.0
210,44100,9261000,1.3194689145077132,0.9685831611286311
186,34596,6434856,1.1686724671354032,0.9202318473658704
465,216225,100544625,2.921681167838508,0.21814324139654231
589,346921,204336469,3.7007961459287766,-0.5305111843067342
357,127449,45499293,2.243097154663112,0.7823908105765882
334,111556,37259704,2.098583892597982,0.8639234171928354
809,654481,529475129,5.083096913508285,-0.9320711124582111
430,184900,79507000,2.7017696820872223,0.4257792915650725
127,16129,2048383,0.7979645340118074,0.7159364830218311
716,512656,367061696,4.498760679940584,-0.9772681235681934
399,159201,63521199,2.506990937564655,0.5928568201610593
725,525625,381078125,4.5553093477052,-0.9876883405951377
313,97969,30664297,1.9666370011472105,0.9226727398701149
219,47961,10503459,1.3760175822723295,0.9810905174433341
546,298116,162771336,3.4306191777200543,-0.2850192624699762
625,390625,244140625,3.926990816987242,-0.7071067811865477
547,299209,163667323,3.436902363027234,-0.291036166828272
615,378225,232608375,3.864158963915446,-0.661311865323652
565,319225,180362125,3.5499996985564666,-0.3971478906347808
460,211600,97336000,2.8902652413026098,0.24868988716485482
270,72900,19683000,1.6964600329384885,0.9921147013144778
312,97344,30371328,1.960353815840031,0.925077206834458
365,133225,48627125,2.2933626371205493,0.7501110696304594
265,70225,18609625,1.6650441064025905,0.99556196460308
651,423801,275894451,4.090353634973911,-0.8126941644330942
836,698896,584277056,5.252742916802134,-0.8575266561936523
753,567009,426957777,4.731238536306229,-0.999822352380809
68,4624,314432,0.4272566008882119,0.41437558099328414
466,217156,101194696,2.927964353145687,0.2120071099220548
280,78400,21952000,1.7592918860102842,0.9822872507286887
887,786769,697864103,5.573185367468294,-0.6518337253008785
295,87025,25672375,1.8535396656179781,0.9602936856769431
582,338724,197137368,3.6568138487785196,-0.4927273415482918
927,859329,796597983,5.8245127797554765,-0.44275823103890166
160,25600,4096000,1.0053096491487339,0.8443279255020151
14,196,2744,0.08796459430051422,0.08785119655074318
739,546121,403583419,4.643273942005714,-0.9976125063612252
54,2916,157464,0.3392920065876977,0.3328195445229867
557,310249,172808693,3.49973421609903,-0.35053432019125924
44,1936,85184,0.2764601535159018,0.2729519355173252
840,705600,592704000,5.277875658030853,-0.844327925502015
244,59536,14526784,1.5330972149518192,0.9992894726405892
810,656100,531441000,5.089380098815465,-0.9297764858882512
975,950625,926859375,6.126105674500097,-0.15643446504023112
7,49,343,0.04398229715025711,0.04396811831786491
553,305809,169112377,3.4746014748703113,-0.3268880296549425
908,824464,748613312,5.705132258919065,-0.5463943467342689
723,522729,377933067,4.542742977090841,-0.9856445951489979
289,83521,24137569,1.8158405537749005,0.9701265964901058
84,7056,592704,0.5277875658030853,0.5036232016357608
641,410881,263374721,4.027521781902115,-0.7745030601987337
73,5329,389017,0.4586725274241098,0.4427582310389015
295,87025,25672375,1.8535396656179781,0.9602936856769431
592,350464,207474688,3.719645701850315,-0.546394346734269
716,512656,367061696,4.498760679940584,-0.9772681235681934
307,94249,28934443,1.9289378893041331,0.9365498867481923
449,201601,90518849,2.8211502029236346,0.31498651965530455
768,589824,452984832,4.825486315913922,-0.9936113105200084
250,62500,15625000,1.5707963267948966,1.0
163,26569,4330747,1.0241592050702726,0.8542774316992952
984,968256,952763904,6.182654342264713,-0.10036171485121509
33,1089,35937,0.20734511513692636,0.20586260876988133
231,53361,12326391,1.4514158059584845,0.9928826045698137
681,463761,315821241,4.2788491941892985,-0.907484424541117
55,3025,166375,0.3455751918948773,0.3387379202452914
651,423801,275894451,4.090353634973911,-0.8126941644330942
934,872356,814780504,5.868495076905734,-0.40290643571366286
570,324900,185193000,3.5814156250923643,-0.42577929156507266
521,271441,141420761,3.2735395450405647,-0.13156435909228262
376,141376,53157376,2.3624776754995245,0.7026499697988492
14,196,2744,0.08796459430051422,0.08785119655074318
892,795664,709732288,5.604601294004191,-0.6276913612907002
120,14400,1728000,0.7539822368615504,0.6845471059286887
587,344569,202262003,3.6882297753144173,-0.5198173426207096
866,749956,649461896,5.441238476017522,-0.7459411454241823
723,522729,377933067,4.542742977090841,-0.9856445951489979
322,103684,33386248,2.023185668911827,0.899405251566371
872,760384,663054848,5.4789375878605995,-0.7203090248879068
340,115600,39304000,2.1362830044410592,0.8443279255020152
796,633616,504358336,5.001415504514951,-0.9585217890173757
578,334084,193100552,3.631681107549801,-0.4707039321653326
456,207936,94818816,2.8651325000738916,0.27295193551732505
698,487204,340068392,4.385663344411351,-0.9470983049947442
48,2304,110592,0.30159289474462014,0.2970415815770349
589,346921,204336469,3.7007961459287766,-0.5305111843067342
414,171396,70957944,2.601238717172349,0.5144395337815063
566,320356,181321496,3.556282883863646,-0.4029064357136629
969,938961,909853209,6.08840656265702,-0.19354946805085993
234,54756,12812904,1.4702653618800232,0.9949510169813002
884,781456,690807104,5.554335811546754,-0.6660118674342518
119,14161,1685159,0.7476990515543708,0.6799533787224192
728,529984,385828352,4.574158903626739,-0.9904614256966513
710,504100,357911000,4.461061568097507,-0.9685831611286312
514,264196,135796744,3.2295572478903076,-0.08785119655074335
707,499849,353393243,4.442212012175967,-0.9637236782900096
419,175561,73560059,2.6326546437082468,0.4872501257253323
46,2116,97336,0.289026524130261,0.2850192624699761
216,46656,10077696,1.3571680263507908,0.9772681235681935
374,139876,52313624,2.349911304885165,0.7115356772092855
500,250000,125000000,3.141592653589793,1.2246467991473532E-16
219,47961,10503459,1.3760175822723295,0.9810905174433341
488,238144,116214272,3.0661944299036383,0.0753268055279326
152,23104,3511808,0.9550441666912972,0.816339250717184
332,110224,36594368,2.0860175219836226,0.8701837546695257
710,504100,357911000,4.461061568097507,-0.9685831611286312
646,417316,269586136,4.058937708438013,-0.7939903986478356
225,50625,11390625,1.413716694115407,0.9876883405951378
849,720801,611960049,5.334424325795469,-0.8126941644330938
307,94249,28934443,1.9289378893041331,0.9365498867481923
393,154449,60698457,2.4692918257215775,0.6227877804881126
69,4761,328509,0.43353978619539146,0.42008572841180625
789,622521,491169069,4.957433207364693,-0.9701265964901059
499,249001,124251499,3.135309468282614,0.006283143965558683
34,1156,39304,0.21362830044410594,0.21200710992205463
915,837225,766060875,5.749114556069322,-0.5090414157503712
253,64009,16194277,1.5896458827164355,0.999822352380809
941,885481,833237621,5.912477374055991,-0.3622753667045459
224,50176,11239424,1.4074335088082275,0.986685944207868
158,24964,3944312,0.9927432785343747,0.8375280400421418
935,874225,817400375,5.874778262212914,-0.39714789063478034
479,229441,109902239,3.009645762139022,0.1315643590922824
544,295936,160989184,3.418052807105695,-0.2729519355173252
429,184041,78953589,2.6954864967800427,0.43145604568095886
580,336400,195112000,3.6442474781641603,-0.4817536741017154
415,172225,71473375,2.6075219024795286,0.5090414157503711
403,162409,65450827,2.5321236787933734,0.5724321255945908
850,722500,614125000,5.340707511102648,-0.8090169943749476
722,521284,376367048,4.5364597917836615,-0.9845643345292054
553,305809,169112377,3.4746014748703113,-0.3268880296549425
33,1089,35937,0.20734511513692636,0.20586260876988133
84,7056,592704,0.5277875658030853,0.5036232016357608
430,184900,79507000,2.7017696820872223,0.4257792915650725
712,506944,360944128,4.473627938711866,-0.9716317329146741
634,401956,254840104,3.9835394847518577,-0.7459411454241821
304,92416,28094464,1.9100883333825944,0.9429905358928644
850,722500,614125000,5.340707511102648,-0.8090169943749476
84,7056,592704,0.5277875658030853,0.5036232016357608
186,34596,6434856,1.1686724671354032,0.9202318473658704
731,534361,390617891,4.593008459548278,-0.9928826045698137
264,69696,18399744,1.6587609210954108,0.9961336091431725
816,665856,543338496,5.127079210658542,-0.9152411726209176
743,552049,410172407,4.668406683234433,-0.9990329346781247
208,43264,8998912,1.306902543893354,0.9653816388332739
519,269361,139798359,3.2609731744262054,-0.11909716009486973
228,51984,11852352,1.4325662500369458,0.9904614256966512
26,676,17576,0.16336281798666924,0.16263716519488358
127,16129,2048383,0.7979645340118074,0.7159364830218311
775,600625,465484375,4.869468613064179,-0.9876883405951378
126,15876,2000376,0.7916813487046279,0.7115356772092853
450,202500,91125000,2.827433388230814,0.3090169943749475
835,697225,582182875,5.246459731494955,-0.8607420270039434
822,675684,555412248,5.16477832250162,-0.899405251566371
348,121104,42144192,2.1865484868984963,0.8163392507171838
590,348100,205379000,3.7070793312359562,-0.5358267949789968
190,36100,6859000,1.1938052083641215,0.9297764858882515
322,103684,33386248,2.023185668911827,0.899405251566371
121,14641,1771561,0.7602654221687299,0.6891138083873485
267,71289,19034163,1.6776104770169495,0.9943007903969989
92,8464,778688,0.578053048260522,0.5463943467342691
613,375769,230346397,3.8515925933010866,-0.6518337253008788
191,36481,6967871,1.200088393671301,0.932071112458211
282,79524,22425768,1.7718582566246435,0.9798550523842469
420,176400,74088000,2.6389378290154264,0.4817536741017152
501,251001,125751501,3.1478758388969728,-0.006283143965558882
542,293764,159220088,3.4054864364913358,-0.26084150628989683
59,3481,205379,0.3707079331235956,0.3622753667045457
762,580644,442450728,4.787787204070845,-0.9971589002606139
274,75076,20570824,1.7215927741672068,0.988651744737914
703,494209,347428927,4.41707927094725,-0.9567120515588307
144,20736,2985984,0.9047786842338604,0.7862884321366189
466,217156,101194696,2.927964353145687,0.2120071099220548
277,76729,21253933,1.7404423300887455,0.985644595148998
254,64516,16387064,1.595929068023615,0.9996841892832999
609,370881,225866529,3.826459852072368,-0.6325701619131243
518,268324,138991832,3.2546899891190257,-0.11285638487348164
494,244036,120553784,3.1038935417467157,0.037690182669934534
378,142884,54010152,2.3750440461138838,0.6936533058128049
176,30976,5451776,1.1058406140636072,0.8938414241512638
979,958441,938313739,6.151238415728815,-0.13156435909228253
251,63001,15813251,1.5770795121020762,0.9999802608561371
962,925444,890277128,6.044424265506763,-0.2364989970237243
772,595984,460099648,4.850619057142641,-0.9904614256966512
446,198916,88716536,2.8023006470020957,0.3328195445229865
227,51529,11697083,1.4262830647297662,0.9895761186026509
159,25281,4019679,0.9990264638415542,0.840944582298169
927,859329,796597983,5.8245127797554765,-0.44275823103890166
914,835396,763551944,5.742831370762143,-0.514439533781506
745,555025,413493625,4.680973053848792,-0.9995065603657316
959,919681,881974079,6.025574709585223,-0.2547707256833824
723,522729,377933067,4.542742977090841,-0.9856445951489979
137,18769,2571353,0.8607963870836034,0.7583619152887219
925,855625,791453125,5.811946409141117,-0.45399049973954697
705,497025,350402625,4.429645641561609,-0.9602936856769432
257,66049,16974593,1.6147786239451538,0.9990329346781247
478,228484,109215352,3.0033625768318424,0.13779029068463802
572,327184,187149248,3.5939819957067236,-0.43711576665093305
754,568516,428661064,4.737521721613408,-0.9996841892832999
857,734449,629422793,5.384689808252905,-0.7823908105765883
842,708964,596947688,5.290442028645212,-0.8375280400421415
174,30276,5268024,1.0932742434492482,0.8881364488135446
794,630436,500566184,4.988849133900592,-0.9620276715860858
427,182329,77854483,2.6829201261656834,0.44275823103890155
248,61504,15252992,1.5582299561805375,0.9999210442038161
643,413449,265847707,4.040088152516474,-0.7823908105765881
174,30276,5268024,1.0932742434492482,0.8881364488135446
998,996004,994011992,6.270618936565228,-0.012566039883352071
555,308025,170953875,3.4871678454846706,-0.3387379202452915
777,603729,469097433,4.882034983678539,-0.985644595148998
200,40000,8000000,1.2566370614359172,0.9510565162951535
163,26569,4330747,1.0241592050702726,0.8542774316992952
77,5929,456533,0.4838052686528282,0.46515107807745837
328,107584,35287552,2.0608847807549044,0.8822912264349533
507,257049,130323843,3.1855749507400506,-0.04396811831786515
817,667489,545338513,5.133362395965722,-0.9126915874035028
590,348100,205379000,3.7070793312359562,-0.5358267949789968
581,337561,196122941,3.65053066347134,-0.4872501257253325
258,66564,17173512,1.6210618092523335,0.9987369566060175
896,802816,719323136,5.62973403523291,-0.607930297694605
542,293764,159220088,3.4054864364913358,-0.26084150628989683
802,643204,515849608,5.039114616358028,-0.9470983049947443
54,2916,157464,0.3392920065876977,0.3328195445229867
112,12544,1404928,0.7037167544041137,0.6470559615694443
384,147456,56623104,2.412743157956961,0.6660118674342517
324,104976,34012224,2.035752039526186,0.8938414241512639
211,44521,9393931,1.3257520998148928,0.9701265964901059
725,525625,381078125,4.5553093477052,-0.9876883405951377
271,73441,19902511,1.7027432182456679,0.9913076310695066
829,687241,569722789,5.208760619651877,-0.8793163101905562
8,64,512,0.05026548245743669,0.050244318179769556
47,2209,103823,0.29530970943744056,0.2910361668282718
31,961,29791,0.1947787445225672,0.19354946805086026
768,589824,452984832,4.825486315913922,-0.9936113105200084
536,287296,153990656,3.3677873246482584,-0.2242707609493812
557,310249,172808693,3.49973421609903,-0.35053432019125924
78,6084,474552,0.4900884539600078,0.4707039321653326
983,966289,949862087,6.176371156957534,-0.10661115427525973
786,617796,485587656,4.938583651443155,-0.9745268727865771
678,459684,311665752,4.25999963826776,-0.8994052515663712
424,179776,76225024,2.6640705702441445,0.459579860621488
993,986049,979146657,6.239203010029329,-0.043968118317865075
998,996004,994011992,6.270618936565228,-0.012566039883352071
156,24336,3796416,0.9801769079200155,0.8305958991958127
739,546121,403583419,4.643273942005714,-0.9976125063612252
547,299209,163667323,3.436902363027234,-0.291036166828272
771,594441,458314011,4.844335871835462,-0.9913076310695065
833,693889,578009537,5.233893360880596,-0.8670707011644899
137,18769,2571353,0.8607963870836034,0.7583619152887219
810,656100,531441000,5.089380098815465,-0.9297764858882512
799,638401,510082399,5.02026506043649,-0.9529793415172187
564,318096,179406144,3.543716513249287,-0.3913736668372026
871,758641,660776311,5.47265440255342,-0.7246531301870464
530,280900,148877000,3.330088212805181,-0.18738131458572477
552,304704,168196608,3.4683182895631317,-0.3209436098072095
965,931225,898632125,6.063273821428301,-0.21814324139654243
78,6084,474552,0.4900884539600078,0.4707039321653326
446,198916,88716536,2.8023006470020957,0.3328195445229865
618,381924,236029032,3.8830085198369844,-0.6753328081210244
480,230400,110592000,3.0159289474462017,0.1253332335643041
700,490000,343000000,4.39822971502571,-0.9510565162951535
849,720801,611960049,5.334424325795469,-0.8126941644330938
464,215296,99897344,2.9153979825313283,0.224270760949381
154,23716,3652264,0.9676105373056564,0.8235325976284275
258,66564,17173512,1.6210618092523335,0.9987369566060175
854,729316,622835864,5.365840252331367,-0.7939903986478354
736,541696,398688256,4.624424386084176,-0.9961336091431725
651,423801,275894451,4.090353634973911,-0.8126941644330942
955,912025,870983875,6.000441968356506,-0.2789911060392288
271,73441,19902511,1.7027432182456679,0.9913076310695066
559,312481,174676879,3.5123005867133887,-0.3622753667045456
984,968256,952763904,6.182654342264713,-0.10036171485121509
912,831744,758550528,5.730265000147783,-0.5251746299612954
242,58564,14172488,1.5205308443374599,0.9987369566060175
926,857476,794022776,5.818229594448297,-0.448383216090032
959,919681,881974079,6.025574709585223,-0.2547707256833824
737,543169,400315553,4.630707571391356,-0.9966659280340299
655,429025,281011375,4.115486376202629,-0.8270805742745616
884,781456,690807104,5.554335811546754,-0.6660118674342518
227,51529,11697083,1.4262830647297662,0.9895761186026509
109,11881,1295029,0.6848671984825749,0.6325701619131244
107,11449,1225043,0.6723008278682158,0.6227877804881126
805,648025,521660125,5.057964172279568,-0.9408807689542253
208,43264,8998912,1.306902543893354,0.9653816388332739
811,657721,533411731,5.095663284122645,-0.9274451533346614
5,25,125,0.031415926535897934,0.03141075907812829
253,64009,16194277,1.5896458827164355,0.999822352380809
605,366025,221445125,3.80132711084365,-0.6129070536529766
257,66049,16974593,1.6147786239451538,0.9990329346781247
399,159201,63521199,2.506990937564655,0.5928568201610593
7,49,343,0.04398229715025711,0.04396811831786491
783,613089,480048687,4.9197340955216164,-0.9785809043254721
613,375769,230346397,3.8515925933010866,-0.6518337253008788
310,96100,29791000,1.9477874452256718,0.9297764858882515
538,289444,155720872,3.3803536952626176,-0.2364989970237248
873,762129,665338617,5.485220773167779,-0.7159364830218313
449,201601,90518849,2.8211502029236346,0.31498651965530455
645,416025,268336125,4.052654523130833,-0.7901550123756904
866,749956,649461896,5.441238476017522,-0.7459411454241823
712,506944,360944128,4.473627938711866,-0.9716317329146741
334,111556,37259704,2.098583892597982,0.8639234171928354
387,149769,57960603,2.4315927138785,0.6518337253008787
510,260100,132651000,3.204424506661589,-0.06279051952931335
943,889249,838561807,5.92504374467035,-0.3505343201912592
478,228484,109215352,3.0033625768318424,0.13779029068463802
370,136900,50653000,2.324778563656447,0.7289686274214114
776,602176,467288576,4.875751798371359,-0.986685944207868
172,29584,5088448,1.080707872834889,0.8822912264349533
873,762129,665338617,5.485220773167779,-0.7159364830218313
289,83521,24137569,1.8158405537749005,0.9701265964901058
318,101124,32157432,1.9980529276831085,0.9101059706849957
432,186624,80621568,2.7143360527015816,0.41437558099328387
83,6889,571787,0.5215043804959056,0.4981851053394908
915,837225,766060875,5.749114556069322,-0.5090414157503712
517,267289,138188413,3.248406803811846,-0.1066111542752598
867,751689,651714363,5.447521661324702,-0.741741772738739
569,323761,184220009,3.5751324397851847,-0.42008572841180625
330,108900,35937000,2.0734511513692637,0.8763066800438635
41,1681,68921,0.25761059759436306,0.25477072568338216
632,399424,252435968,3.970973114137499,-0.737513117358174
211,44521,9393931,1.3257520998148928,0.9701265964901059
8,64,512,0.05026548245743669,0.050244318179769556
507,257049,130323843,3.1855749507400506,-0.04396811831786515
745,555025,413493625,4.680973053848792,-0.9995065603657316
138,19044,2628072,0.8670795723907829,0.7624425110114479
460,211600,97336000,2.8902652413026098,0.24868988716485482
458,209764,96071912,2.8776988706882505,0.26084150628989705
305,93025,28372625,1.9163715186897738,0.9408807689542255
899,808201,726572699,5.648583591154448,-0.5928568201610591
697,485809,338608873,4.379380159104172,-0.9450630751798049
840,705600,592704000,5.277875658030853,-0.844327925502015
707,499849,353393243,4.442212012175967,-0.9637236782900096
580,336400,195112000,3.6442474781641603,-0.4817536741017154
126,15876,2000376,0.7916813487046279,0.7115356772092853
809,654481,529475129,5.083096913508285,-0.9320711124582111
342,116964,40001688,2.1488493750554185,0.8375280400421418
612,374544,229220928,3.845309407993907,-0.6470559615694443
65,4225,274625,0.4084070449666731,0.3971478906347806
527,277729,146363183,3.311238656883642,-0.16883344471273384
949,900601,854670349,5.962742856513428,-0.31498651965530466
380,144400,54872000,2.387610416728243,0.6845471059286885
539,290521,156590819,3.3866368805697973,-0.2425992307954076
547,299209,163667323,3.436902363027234,-0.291036166828272
943,889249,838561807,5.92504374467035,-0.3505343201912592
873,762129,665338617,5.485220773167779,-0.7159364830218313
521,271441,141420761,3.2735395450405647,-0.13156435909228262
850,722500,614125000,5.340707511102648,-0.8090169943749476
386,148996,57512456,2.4253095285713204,0.6565857557529564
561,314721,176558481,3.524866957327748,-0.37395920573780045
865,748225,647214625,5.4349552907103424,-0.7501110696304595
447,199809,89314623,2.8085838323092753,0.3268880296549423
606,367236,222545016,3.8076102961508296,-0.6178596130903344
346,119716,41421736,2.173982116284137,0.8235325976284273
454,206116,93576664,2.8525661294595324,0.28501926246997605
955,912025,870983875,6.000441968356506,-0.2789911060392288
291,84681,24642171,1.8284069243892598,0.967001487762435
357,127449,45499293,2.243097154663112,0.7823908105765882
681,463761,315821241,4.2788491941892985,-0.907484424541117
215,46225,9938375,1.3508848410436112,0.9759167619387474
73,5329,389017,0.4586725274241098,0.4427582310389015
802,643204,515849608,5.039114616358028,-0.9470983049947443
205,42025,8615125,1.2880529879718152,0.9602936856769431
846,715716,605495736,5.315574769873931,-0.8235325976284271
586,343396,201230056,3.6819465900072377,-0.5144395337815064
811,657721,533411731,5.095663284122645,-0.9274451533346614
955,912025,870983875,6.000441968356506,-0.2789911060392288
211,44521,9393931,1.3257520998148928,0.9701265964901059
542,293764,159220088,3.4054864364913358,-0.26084150628989683
957,915849,876467493,6.013008338970864,-0.26690198932037584
944,891136,841232384,5.93132692997753,-0.3446429231745167
423,178929,75686967,2.6577873849369653,0.46515107807745815
908,824464,748613312,5.705132258919065,-0.5463943467342689
401,160801,64481201,2.519557308179014,0.5826904796685761
484,234256,113379904,3.0410616886749198,0.10036171485121498
540,291600,157464000,3.392920065876977,-0.24868988716485502
240,57600,13824000,1.5079644737231008,0.9980267284282716
125,15625,1953125,0.7853981633974483,0.7071067811865475
435,189225,82312875,2.73318560862312,0.3971478906347806
299,89401,26730899,1.8786724068466965,0.9529793415172187
919,844561,776151559,5.77424729729804,-0.487250125725332
367,134689,49430863,2.305929007734908,0.7417417727387393
191,36481,6967871,1.200088393671301,0.932071112458211
306,93636,28652616,1.9226547039969535,0.9387338576538741
461,212521,97972181,2.8965484266097894,0.2425992307954074
401,160801,64481201,2.519557308179014,0.5826904796685761
617,380689,234885113,3.8767253345298047,-0.6706855765367199
293,85849,25153757,1.8409732950036188,0.9637236782900097
693,480249,332812557,4.354247417875453,-0.9365498867481923
962,925444,890277128,6.044424265506763,-0.2364989970237243
65,4225,274625,0.4084070449666731,0.3971478906347806
304,92416,28094464,1.9100883333825944,0.9429905358928644
39,1521,59319,0.2450442269800039,0.24259923079540743
25,625,15625,0.15707963267948966,0.15643446504023087
379,143641,54439939,2.3813272314210634,0.6891138083873484
218,47524,10360232,1.3697343969651499,0.9798550523842469
839,703921,590589719,5.271592472723674,-0.8476779360850829
293,85849,25153757,1.8409732950036188,0.9637236782900097
696,484416,337153536,4.373096973796993,-0.9429905358928646
989,978121,967361669,6.2140702688006115,-0.0690600257144053
90,8100,729000,0.5654866776461628,0.5358267949789967
518,268324,138991832,3.2546899891190257,-0.11285638487348164
522,272484,142236648,3.2798227303477443,-0.13779029068463822
891,793881,707347971,5.598318108697011,-0.6325701619131247
804,646416,519718464,5.0516809869723875,-0.9429905358928644
981,962361,944076141,6.163804786343174,-0.11909716009486966
858,736164,631628712,5.390972993560085,-0.7784623015670232
940,883600,830584000,5.906194188748811,-0.36812455268467786
333,110889,36926037,2.092300707290802,0.8670707011644901
954,910116,868250664,5.9941587830493255,-0.28501926246997616
305,93025,28372625,1.9163715186897738,0.9408807689542255
897,804609,721734273,5.636017220540089,-0.6029295416890247
541,292681,158340421,3.3992032511841566,-0.25477072568338244
726,527076,382657176,4.56159253301238,-0.9886517447379141
414,171396,70957944,2.601238717172349,0.5144395337815063
559,312481,174676879,3.5123005867133887,-0.3622753667045456
353,124609,43986977,2.217964413434394,0.797794439538571
5,25,125,0.031415926535897934,0.03141075907812829
757,573049,433798093,4.756371277534947,-0.9990329346781247
378,142884,54010152,2.3750440461138838,0.6936533058128049
358,128164,45882712,2.249380339970292,0.7784623015670235
843,710649,599077107,5.296725213952391,-0.8340784336131712
214,45796,9800344,1.3446016557364315,0.9745268727865771
347,120409,41781923,2.1802653015913167,0.8199521093254521
253,64009,16194277,1.5896458827164355,0.999822352380809
294,86436,25412184,1.8472564803107985,0.9620276715860858
455,207025,94196375,2.858849314766712,0.2789911060392291
303,91809,27818127,1.9038051480754148,0.9450630751798048
475,225625,107171875,2.9845130209103035,0.15643446504023098
925,855625,791453125,5.811946409141117,-0.45399049973954697
578,334084,193100552,3.631681107549801,-0.4707039321653326
750,562500,421875000,4.71238898038469,-1.0
629,395641,248858189,3.95212355821596,-0.7246531301870467
326,106276,34645976,2.048318410140545,0.8881364488135446
734,538756,395446904,4.611858015469816,-0.9949510169813002
225,50625,11390625,1.413716694115407,0.9876883405951378
813,660969,537367797,5.108229654737004,-0.9226727398701148
122,14884,1815848,0.7665486074759096,0.693653305812805
604,364816,220348864,3.7950439255364703,-0.6079302976946055
664,440896,292754944,4.172035043967245,-0.8575266561936521
346,119716,41421736,2.173982116284137,0.8235325976284273
24,576,13824,0.15079644737231007,0.15022558912075706
954,910116,868250664,5.9941587830493255,-0.28501926246997616
897,804609,721734273,5.636017220540089,-0.6029295416890247
934,872356,814780504,5.868495076905734,-0.40290643571366286
438,191844,84027672,2.752035164544659,0.379779095521801
407,165649,67419143,2.557256420022092,0.55164587062843
449,201601,90518849,2.8211502029236346,0.31498651965530455
312,97344,30371328,1.960353815840031,0.925077206834458
190,36100,6859000,1.1938052083641215,0.9297764858882515
508,258064,131096512,3.19185813604723,-0.05024431817976942
825,680625,561515625,5.183627878423159,-0.891006524188368
512,262144,134217728,3.2169908772759483,-0.07532680552793279
497,247009,122763473,3.1227430976682546,0.018848439715408016
150,22500,3375000,0.942477796076938,0.8090169943749475
481,231361,111284641,3.0222121327533813,0.11909716009486954
950,902500,857375000,5.969026041820607,-0.3090169943749476
145,21025,3048625,0.9110618695410401,0.7901550123756904
749,561001,420189749,4.7061057950775105,-0.9999802608561371
118,13924,1643032,0.7414158662471912,0.6753328081210245
681,463761,315821241,4.2788491941892985,-0.907484424541117
393,154449,60698457,2.4692918257215775,0.6227877804881126
194,37636,7301384,1.2189379495928399,0.9387338576538741
134,17956,2406104,0.8419468311620646,0.7459411454241821
502,252004,126506008,3.1541590242041524,-0.012566039883352592
90,8100,729000,0.5654866776461628,0.5358267949789967
783,613089,480048687,4.9197340955216164,-0.9785809043254721
17,289,4913,0.10681415022205297,0.10661115427525991
740,547600,405224000,4.649557127312894,-0.9980267284282716
242,58564,14172488,1.5205308443374599,0.9987369566060175
177,31329,5545233,1.1121237993707869,0.8966410367852359
45,2025,91125,0.2827433388230814,0.2789911060392293
642,412164,264609288,4.033804967209295,-0.7784623015670236
453,205209,92959677,2.8462829441523527,0.29103616682827177
546,298116,162771336,3.4306191777200543,-0.2850192624699762
836,698896,584277056,5.252742916802134,-0.8575266561936523
254,64516,16387064,1.595929068023615,0.9996841892832999
910,828100,753571000,5.717698629533424,-0.5358267949789963
701,491401,344472101,4.4045129003328904,-0.952979341517219
939,881721,827936019,5.899911003441632,-0.37395920573779995
869,755161,656234909,5.460088031939061,-0.7332553462225598
945,893025,843908625,5.937610115284709,-0.3387379202452914
520,270400,140608000,3.267256359733385,-0.12533323356430429
479,229441,109902239,3.009645762139022,0.1315643590922824
372,138384,51478848,2.3373449342708064,0.7203090248879067
500,250000,125000000,3.141592653589793,1.2246467991473532E-16
217,47089,10218313,1.3634512116579702,0.9785809043254721
406,164836,66923416,2.5509732347149123,0.5568756164881878
837,700569,586376253,5.259026102109314,-0.8542774316992949
306,93636,28652616,1.9226547039969535,0.9387338576538741
348,121104,42144192,2.1865484868984963,0.8163392507171838
77,5929,456533,0.4838052686528282,0.46515107807745837
592,350464,207474688,3.719645701850315,-0.546394346734269
292,85264,24897088,1.8346901096964392,0.9653816388332739
5,25,125,0.031415926535897934,0.03141075907812829
27,729,19683,0.16964600329384885,0.1688334447127339
71,5041,357911,0.44610615680975063,0.43145604568095897
466,217156,101194696,2.927964353145687,0.2120071099220548
226,51076,11543176,1.4199998794225865,0.9886517447379141
67,4489,300763,0.4209734155810323,0.40864907473634904
125,15625,1953125,0.7853981633974483,0.7071067811865475
712,506944,360944128,4.473627938711866,-0.9716317329146741
795,632025,502459875,4.995132319207771,-0.9602936856769431
22,484,10648,0.1382300767579509,0.13779029068463808
770,592900,456533000,4.838052686528282,-0.9921147013144779
315,99225,31255875,1.9792033717615698,0.9177546256839811
392,153664,60236288,2.463008640414398,0.6276913612907006
555,308025,170953875,3.4871678454846706,-0.3387379202452915
770,592900,456533000,4.838052686528282,-0.9921147013144779
222,49284,10941048,1.3948671381938682,0.9845643345292053
250,62500,15625000,1.5707963267948966,1.0
73,5329,389017,0.4586725274241098,0.4427582310389015
713,508369,362467097,4.479911124019045,-0.9730985109821266
254,64516,16387064,1.595929068023615,0.9996841892832999
806,649636,523606616,5.064247357586747,-0.9387338576538741
330,108900,35937000,2.0734511513692637,0.8763066800438635
801,641601,513922401,5.032831431050849,-0.9490961449902945
440,193600,85184000,2.7646015351590183,0.36812455268467775
990,980100,970299000,6.220353454107791,-0.06279051952931326
134,17956,2406104,0.8419468311620646,0.7459411454241821
235,55225,12977875,1.4765485471872029,0.99556196460308
445,198025,88121125,2.796017461694916,0.3387379202452913
953,908209,865523177,5.987875597742146,-0.2910361668282715
62,3844,238328,0.3895574890451344,0.3797790955218011
988,976144,964430272,6.2077870834934314,-0.07532680552793272
536,287296,153990656,3.3677873246482584,-0.2242707609493812
122,14884,1815848,0.7665486074759096,0.693653305812805
261,68121,17779581,1.6399113651738721,0.9976125063612252
558,311364,173741112,3.5060174014062095,-0.356411878713251
488,238144,116214272,3.0661944299036383,0.0753268055279326
263,69169,18191447,1.6524777357882312,0.9966659280340299
557,310249,172808693,3.49973421609903,-0.35053432019125924
678,459684,311665752,4.25999963826776,-0.8994052515663712
65,4225,274625,0.4084070449666731,0.3971478906347806
997,994009,991026973,6.264335751258048,-0.018848439715408137
245,60025,14706125,1.5393804002589988,0.9995065603657316
16,256,4096,0.10053096491487339,0.1003617148512149
804,646416,519718464,5.0516809869723875,-0.9429905358928644
954,910116,868250664,5.9941587830493255,-0.28501926246997616
196,38416,7529536,1.231504320207199,0.9429905358928644
531,281961,149721291,3.3363713981123606,-0.19354946805086046
843,710649,599077107,5.296725213952391,-0.8340784336131712
469,219961,103161709,2.946813909067226,0.19354946805086026
626,391876,245314376,3.933274002294421,-0.7115356772092853
948,898704,851971392,5.9564596712062485,-0.320943609807209
353,124609,43986977,2.217964413434394,0.797794439538571
173,29929,5177717,1.0869910581420685,0.8852313113324553
276,76176,21024576,1.7341591447815659,0.986685944207868
626,391876,245314376,3.933274002294421,-0.7115356772092853
659,434281,286191179,4.140619117431347,-0.840944582298169
821,674041,553387661,5.158495137194441,-0.9021339593682026
308,94864,29218112,1.9352210746113128,0.934328942456612
549,301401,165469149,3.4494687336415932,-0.3030352696327742
657,431649,283593393,4.128052746816988,-0.834078433613171
558,311364,173741112,3.5060174014062095,-0.356411878713251
418,174724,73034632,2.626371458401067,0.4927273415482916
773,597529,461889917,4.85690224244982,-0.989576118602651
796,633616,504358336,5.001415504514951,-0.9585217890173757
314,98596,30959144,1.9729201864543902,0.9202318473658704
669,447561,299418309,4.203450970503144,-0.8732624548099204
593,351649,208527857,3.7259288871574947,-0.5516458706284302
666,443556,295408296,4.184601414581604,-0.8639234171928352
691,477481,329939371,4.341681047261094,-0.9320711124582108
259,67081,17373979,1.6273449945595129,0.998401550108975
994,988036,982107784,6.245486195336509,-0.037690182669934215
68,4624,314432,0.4272566008882119,0.41437558099328414
79,6241,493039,0.49637163926718736,0.4762382036679391
373,139129,51895117,2.343628119577986,0.715936483021831
555,308025,170953875,3.4871678454846706,-0.3387379202452915
72,5184,373248,0.4523893421169302,0.4371157666509329
268,71824,19248832,1.6838936623241292,0.9936113105200084
864,746496,644972544,5.428672105403163,-0.7542513807361035
24,576,13824,0.15079644737231007,0.15022558912075706
623,388129,241804367,3.9144244463728826,-0.6981654189934728
965,931225,898632125,6.063273821428301,-0.21814324139654243
76,5776,438976,0.4775220833456486,0.45957986062148787
525,275625,144703125,3.2986722862692828,-0.15643446504023073
288,82944,23887872,1.8095573684677209,0.971631732914674
463,214369,99252847,2.9091147972241487,0.23038942667659046
100,10000,1000000,0.6283185307179586,0.5877852522924731
296,87616,25934336,1.8598228509251575,0.958521789017376
554,306916,170031464,3.480884660177491,-0.33281954452298673
851,724201,616295051,5.346990696409828,-0.8053078857111218
438,191844,84027672,2.752035164544659,0.379779095521801
465,216225,100544625,2.921681167838508,0.21814324139654231
30,900,27000,0.1884955592153876,0.18738131458572463
904,817216,738763264,5.679999517690346,-0.5672689491267565
640,409600,262144000,4.0212385965949355,-0.7705132427757894
404,163216,65939264,2.538406864100553,0.5672689491267564
751,564001,423564751,4.71867216569187,-0.9999802608561371
325,105625,34328125,2.0420352248333655,0.8910065241883679
30,900,27000,0.1884955592153876,0.18738131458572463
532,283024,150568768,3.3426545834195402,-0.19970998051440725
333,110889,36926037,2.092300707290802,0.8670707011644901
5,25,125,0.031415926535897934,0.03141075907812829
461,212521,97972181,2.8965484266097894,0.2425992307954074
808,652864,527514112,5.076813728201106,-0.9343289424566119
965,931225,898632125,6.063273821428301,-0.21814324139654243
427,182329,77854483,2.6829201261656834,0.44275823103890155
313,97969,30664297,1.9666370011472105,0.9226727398701149
733,537289,393832837,4.605574830162637,-0.9943007903969989
358,128164,45882712,2.249380339970292,0.7784623015670235
872,760384,663054848,5.4789375878605995,-0.7203090248879068
495,245025,121287375,3.1101767270538954,0.031410759078128236
720,518400,373248000,4.523893421169302,-0.9822872507286887
148,21904,3241792,0.9299114254625788,0.8015669848708765
468,219024,102503232,2.9405307237600464,0.19970998051440705
45,2025,91125,0.2827433388230814,0.2789911060392293
266,70756,18821096,1.6713272917097701,0.9949510169813002
316,99856,31554496,1.9854865570687494,0.9152411726209175
260,67600,17576000,1.6336281798666925,0.9980267284282716
448,200704,89915392,2.814867017616455,0.32094360980720926
865,748225,647214625,5.4349552907103424,-0.7501110696304595
679,461041,313046839,4.266282823574939,-0.9021339593682028
484,234256,113379904,3.0410616886749198,0.10036171485121498
279,77841,21717639,1.7530087007031048,0.9834452049953296
85,7225,614125,0.5340707511102648,0.5090414157503713
762,580644,442450728,4.787787204070845,-0.9971589002606139
631,398161,251239591,3.9646899288303192,-0.7332553462225602
165,27225,4492125,1.0367255756846319,0.8607420270039436
851,724201,616295051,5.346990696409828,-0.8053078857111218
404,163216,65939264,2.538406864100553,0.5672689491267564
628,394384,247673152,3.9458403729087803,-0.7203090248879069
970,940900,912673000,6.094689747964199,-0.18738131458572468
243,59049,14348907,1.5268140296446395,0.9990329346781247
212,44944,9528128,1.3320352851220723,0.971631732914674
549,301401,165469149,3.4494687336415932,-0.3030352696327742
471,221841,104487111,2.9593802796815853,0.18120576362713725
488,238144,116214272,3.0661944299036383,0.0753268055279326
819,670761,549353259,5.145928766580082,-0.9074844245411168
655,429025,281011375,4.115486376202629,-0.8270805742745616
937,877969,822656953,5.887344632827273,-0.38558399227739615
585,342225,200201625,3.675663404700058,-0.5090414157503712
545,297025,161878625,3.4243359924128747,-0.2789911060392293
292,85264,24897088,1.8346901096964392,0.9653816388332739
777,603729,469097433,4.882034983678539,-0.985644595148998
913,833569,761048497,5.7365481854549625,-0.5198173426207094
367,134689,49430863,2.305929007734908,0.7417417727387393
718,515524,370146232,4.511327050554943,-0.9798550523842469
949,900601,854670349,5.962742856513428,-0.31498651965530466
477,227529,108531333,2.9970793915246627,0.14401078255225216
854,729316,622835864,5.365840252331367,-0.7939903986478354
999,998001,997002999,6.276902121872407,-0.006283143965558805
474,224676,106496424,2.9782298356031243,0.16263716519488333
341,116281,39651821,2.142566189748239,0.8409445822981692
481,231361,111284641,3.0222121327533813,0.11909716009486954
805,648025,521660125,5.057964172279568,-0.9408807689542253
879,772641,679151439,5.5229198850108565,-0.6891138083873485
472,222784,105154048,2.965663464988765,0.17502305897527587
302,91204,27543608,1.8975219627682351,0.9470983049947442
868,753424,653972032,5.453804846631881,-0.737513117358174
638,407044,259694072,4.008672225980576,-0.7624425110114479
357,127449,45499293,2.243097154663112,0.7823908105765882
894,799236,714516984,5.617167664618551,-0.6178596130903341
871,758641,660776311,5.47265440255342,-0.7246531301870464
219,47961,10503459,1.3760175822723295,0.9810905174433341
592,350464,207474688,3.719645701850315,-0.546394346734269
897,804609,721734273,5.636017220540089,-0.6029295416890247
798,636804,508169592,5.01398187512931,-0.9548645447466431
909,826281,751089429,5.711415444226244,-0.541121252126876
41,1681,68921,0.25761059759436306,0.25477072568338216
526,276676,145531576,3.3049554715764624,-0.16263716519488353
355,126025,44738875,2.2305307840487534,0.7901550123756903
977,954529,932574833,6.138672045114456,-0.1440107825522523
384,147456,56623104,2.412743157956961,0.6660118674342517
779,606841,472729139,4.894601354292898,-0.9834452049953297
912,831744,758550528,5.730265000147783,-0.5251746299612954
339,114921,38958219,2.12999981913388,0.8476779360850831
836,698896,584277056,5.252742916802134,-0.8575266561936523
405,164025,66430125,2.5446900494077327,0.5620833778521305
980,960400,941192000,6.157521601035995,-0.1253332335643038
980,960400,941192000,6.157521601035995,-0.1253332335643038
359,128881,46268279,2.2556635252774715,0.7745030601987338
19,361,6859,0.11938052083641215,0.11909716009486974
561,314721,176558481,3.524866957327748,-0.37395920573780045
432,186624,80621568,2.7143360527015816,0.41437558099328387
508,258064,131096512,3.19185813604723,-0.05024431817976942
527,277729,146363183,3.311238656883642,-0.16883344471273384
842,708964,596947688,5.290442028645212,-0.8375280400421415
832,692224,575930368,5.227610175573416,-0.8701837546695258
991,982081,973242271,6.22663663941497,-0.056518534482024804
505,255025,128787625,3.1730085801256913,-0.03141075907812844
472,222784,105154048,2.965663464988765,0.17502305897527587
552,304704,168196608,3.4683182895631317,-0.3209436098072095
514,264196,135796744,3.2295572478903076,-0.08785119655074335
333,110889,36926037,2.092300707290802,0.8670707011644901
371,137641,51064811,2.3310617489636267,0.7246531301870466
281,78961,22188041,1.7655750713174638,0.9810905174433341
766,586756,449455096,4.812919945299563,-0.9949510169813002
26,676,17576,0.16336281798666924,0.16263716519488358
322,103684,33386248,2.023185668911827,0.899405251566371
954,910116,868250664,5.9941587830493255,-0.28501926246997616
974,948676,924010424,6.119822489192917,-0.16263716519488344
124,15376,1906624,0.7791149780902688,0.7026499697988492
636,404496,257259456,3.996105855366217,-0.7542513807361038
944,891136,841232384,5.93132692997753,-0.3446429231745167
516,266256,137388096,3.242123618504667,-0.10036171485121517
220,48400,10648000,1.3823007675795091,0.9822872507286887
988,976144,964430272,6.2077870834934314,-0.07532680552793272
618,381924,236029032,3.8830085198369844,-0.6753328081210244
827,683929,565609283,5.196194249037518,-0.8852313113324553
363,131769,47832147,2.28079626650619,0.7583619152887218
445,198025,88121125,2.796017461694916,0.3387379202452913
546,298116,162771336,3.4306191777200543,-0.2850192624699762
155,24025,3723875,0.9738937226128359,0.8270805742745618
731,534361,390617891,4.593008459548278,-0.9928826045698137
40,1600,64000,0.25132741228718347,0.2486898871648548
990,980100,970299000,6.220353454107791,-0.06279051952931326
937,877969,822656953,5.887344632827273,-0.38558399227739615
985,970225,955671625,6.188937527571893,-0.09410831331851403
395,156025,61629875,2.4818581963359367,0.6129070536529764
458,209764,96071912,2.8776988706882505,0.26084150628989705
201,40401,8120601,1.2629202467430969,0.9529793415172189
187,34969,6539203,1.1749556524425826,0.9226727398701148
228,51984,11852352,1.4325662500369458,0.9904614256966512
80,6400,512000,0.5026548245743669,0.4817536741017153
353,124609,43986977,2.217964413434394,0.797794439538571
265,70225,18609625,1.6650441064025905,0.99556196460308
482,232324,111980168,3.028495318060561,0.11285638487348143
469,219961,103161709,2.946813909067226,0.19354946805086026
927,859329,796597983,5.8245127797554765,-0.44275823103890166
617,380689,234885113,3.8767253345298047,-0.6706855765367199
641,410881,263374721,4.027521781902115,-0.7745030601987337
182,33124,6028568,1.1435397259066848,0.9101059706849958
214,45796,9800344,1.3446016557364315,0.9745268727865771
531,281961,149721291,3.3363713981123606,-0.19354946805086046
889,790321,702595369,5.585751738082653,-0.642252653176584
444,197136,87528384,2.7897342763877364,0.34464292317451706
397,157609,62570773,2.494424566950296,0.6029295416890246
848,719104,609800192,5.328141140488289,-0.8163392507171842
351,123201,43243551,2.205398042820035,0.805307885711122
236,55696,13144256,1.4828317324943825,0.9961336091431725
250,62500,15625000,1.5707963267948966,1.0
303,91809,27818127,1.9038051480754148,0.9450630751798048
347,120409,41781923,2.1802653015913167,0.8199521093254521
555,308025,170953875,3.4871678454846706,-0.3387379202452915
120,14400,1728000,0.7539822368615504,0.6845471059286887
391,152881,59776471,2.456725455107218,0.6325701619131245
689,474721,327082769,4.329114676646735,-0.9274451533346612
652,425104,277167808,4.09663682028109,-0.8163392507171839
665,442225,294079625,4.178318229274425,-0.8607420270039438
140,19600,2744000,0.8796459430051421,0.7705132427757893
226,51076,11543176,1.4199998794225865,0.9886517447379141
167,27889,4657463,1.049291946298991,0.86707070116449
97,9409,912673,0.6094689747964199,0.5724321255945909
929,863041,801765089,5.837079150369836,-0.43145604568095897
402,161604,64964808,2.5258404934861938,0.5775727034222676
361,130321,47045881,2.2682298958918308,0.7664930068093498
288,82944,23887872,1.8095573684677209,0.971631732914674
607,368449,223648543,3.813893481458009,-0.6227877804881127
830,688900,571787000,5.215043804959057,-0.8763066800438634
807,651249,525557943,5.070530542893926,-0.9365498867481924
844,712336,601211584,5.303008399259571,-0.8305958991958124
539,290521,156590819,3.3866368805697973,-0.2425992307954076
612,374544,229220928,3.845309407993907,-0.6470559615694443
320,102400,32768000,2.0106192982974678,0.9048270524660195
38,1444,54872,0.2387610416728243,0.2364989970237247
547,299209,163667323,3.436902363027234,-0.291036166828272
570,324900,185193000,3.5814156250923643,-0.42577929156507266
683,466489,318611987,4.291415564803658,-0.9126915874035029
298,88804,26463592,1.8723892215395168,0.954864544746643
158,24964,3944312,0.9927432785343747,0.8375280400421418
59,3481,205379,0.3707079331235956,0.3622753667045457
876,767376,672221376,5.504070329089318,-0.702649969798849
920,846400,778688000,5.7805304826052195,-0.4817536741017153
832,692224,575930368,5.227610175573416,-0.8701837546695258
882,777924,686128968,5.541769440932395,-0.6753328081210247
781,609961,476379541,4.907167724907257,-0.9810905174433341
63,3969,250047,0.39584067435231396,0.38558399227739654
681,463761,315821241,4.2788491941892985,-0.907484424541117
468,219024,102503232,2.9405307237600464,0.19970998051440705
593,351649,208527857,3.7259288871574947,-0.5516458706284302
191,36481,6967871,1.200088393671301,0.932071112458211
149,22201,3307949,0.9361946107697584,0.805307885711122
985,970225,955671625,6.188937527571893,-0.09410831331851403
763,582169,444194947,4.7940703893780245,-0.9966659280340299
279,77841,21717639,1.7530087007031048,0.9834452049953296
46,2116,97336,0.289026524130261,0.2850192624699761
158,24964,3944312,0.9927432785343747,0.8375280400421418
733,537289,393832837,4.605574830162637,-0.9943007903969989
786,617796,485587656,4.938583651443155,-0.9745268727865771
13,169,2197,0.08168140899333462,0.08159061156815754
496,246016,122023936,3.116459912361075,0.02513009544333737
677,458329,310288733,4.25371645296058,-0.8966410367852359
880,774400,681472000,5.529203070318037,-0.6845471059286883
910,828100,753571000,5.717698629533424,-0.5358267949789963
857,734449,629422793,5.384689808252905,-0.7823908105765883
373,139129,51895117,2.343628119577986,0.715936483021831
526,276676,145531576,3.3049554715764624,-0.16263716519488353
941,885481,833237621,5.912477374055991,-0.3622753667045459
297,88209,26198073,1.8661060362323372,0.9567120515588305
817,667489,545338513,5.133362395965722,-0.9126915874035028
240,57600,13824000,1.5079644737231008,0.9980267284282716
88,7744,681472,0.5529203070318036,0.5251746299612957
925,855625,791453125,5.811946409141117,-0.45399049973954697
230,52900,12167000,1.4451326206513049,0.9921147013144779
33,1089,35937,0.20734511513692636,0.20586260876988133
319,101761,32461759,2.004336112990288,0.9074844245411169
909,826281,751089429,5.711415444226244,-0.541121252126876
992,984064,976191488,6.23291982472215,-0.05024431817976934
317,100489,31855013,1.9917697423759289,0.9126915874035029
153,23409,3581577,0.9613273519984767,0.8199521093254524
511,261121,133432831,3.2107076919687687,-0.06906002571440581
229,52441,12008989,1.4388494353441252,0.9913076310695066
750,562500,421875000,4.71238898038469,-1.0
535,286225,153130375,3.3615041393410787,-0.2181432413965425
46,2116,97336,0.289026524130261,0.2850192624699761
0,0,0,0.0,0.0
466,217156,101194696,2.927964353145687,0.2120071099220548
428,183184,78402752,2.689203311472863,0.4371157666509329
804,646416,519718464,5.0516809869723875,-0.9429905358928644
124,15376,1906624,0.7791149780902688,0.7026499697988492
479,229441,109902239,3.009645762139022,0.1315643590922824
466,217156,101194696,2.927964353145687,0.2120071099220548
556,309136,171879616,3.4934510307918503,-0.3446429231745172
587,344569,202262003,3.6882297753144173,-0.5198173426207096
309,95481,29503629,1.9415042599184922,0.932071112458211
488,238144,116214272,3.0661944299036383,0.0753268055279326
269,72361,19465109,1.6901768476313088,0.9928826045698137
369,136161,50243409,2.3184953783492674,0.73325534622256
854,729316,622835864,5.365840252331367,-0.7939903986478354
803,644809,517781627,5.045397801665208,-0.9450630751798047
886,784996,695506456,5.5669021821611135,-0.6565857557529565
350,122500,42875000,2.199114857512855,0.8090169943749475
21,441,9261,0.13194689145077132,0.1315643590922825
